,precision,recall,f1-score,support
blues,0.7272727272727273,0.8,0.7619047619047619,10.0
classical,1.0,0.9,0.9473684210526315,10.0
country,0.6428571428571429,0.9,0.75,10.0
disco,0.6428571428571429,0.9,0.75,10.0
hiphop,0.875,0.7,0.7777777777777778,10.0
jazz,1.0,0.8,0.8888888888888888,10.0
metal,0.7142857142857143,1.0,0.8333333333333334,10.0
pop,0.7692307692307693,1.0,0.8695652173913043,10.0
reggae,1.0,0.6,0.75,10.0
rock,0.6666666666666666,0.2,0.3076923076923077,10.0
accuracy,0.78,0.78,0.78,0.78
macro avg,0.8038170163170163,0.78,0.7636530708041005,100.0
weighted avg,0.8038170163170163,0.78,0.7636530708041006,100.0
