,precision,recall,f1-score,support
blues,0.6666666666666666,0.6,0.631578947368421,10.0
classical,0.9090909090909091,1.0,0.9523809523809523,10.0
country,0.7,0.7,0.7,10.0
disco,0.6923076923076923,0.9,0.782608695652174,10.0
hiphop,0.6666666666666666,0.6,0.631578947368421,10.0
jazz,0.7692307692307693,1.0,0.8695652173913043,10.0
metal,1.0,0.7,0.8235294117647058,10.0
pop,0.8888888888888888,0.8,0.8421052631578947,10.0
reggae,0.7142857142857143,0.5,0.5882352941176471,10.0
rock,0.25,0.3,0.2727272727272727,10.0
accuracy,0.71,0.71,0.71,0.71
macro avg,0.7257137307137307,0.7100000000000001,0.7094310001928792,100.0
weighted avg,0.7257137307137307,0.71,0.7094310001928794,100.0
