Metric,Value
Slice Loss,0.9747819171051184
Slice Accuracy,0.7461666666666666
Song Accuracy,0.84
Training Time (seconds),1596.8351004123688
