,precision,recall,f1-score,support
blues,0.8,0.8,0.8,10.0
classical,1.0,1.0,1.0,10.0
country,0.5625,0.9,0.6923076923076923,10.0
disco,0.8181818181818182,0.9,0.8571428571428571,10.0
hiphop,0.6666666666666666,0.6,0.631578947368421,10.0
jazz,1.0,0.9,0.9473684210526315,10.0
metal,1.0,0.9,0.9473684210526315,10.0
pop,0.7777777777777778,0.7,0.7368421052631579,10.0
reggae,0.5833333333333334,0.7,0.6363636363636364,10.0
rock,0.8,0.4,0.5333333333333333,10.0
accuracy,0.78,0.78,0.78,0.78
macro avg,0.8008459595959595,0.78,0.7782305413884361,100.0
weighted avg,0.8008459595959594,0.78,0.7782305413884361,100.0
