Metric,Value
Slice Loss,0.8851883194663308
Slice Accuracy,0.8190909090909091
Song Accuracy,0.89
Training Time (seconds),830.8000407218933
