Metric,Value
Slice Loss,0.8332288451790809
Slice Accuracy,0.7991666666666667
Song Accuracy,0.9
Training Time (seconds),1261.6681680679321
