Metric,Value
Slice Loss,0.9430116040455667
Slice Accuracy,0.761578947368421
Song Accuracy,0.79
Training Time (seconds),2318.6367647647858
