,precision,recall,f1-score,support
blues,0.5,0.7,0.5833333333333334,10.0
classical,0.9090909090909091,1.0,0.9523809523809523,10.0
country,0.5,0.1,0.16666666666666666,10.0
disco,1.0,0.5,0.6666666666666666,10.0
hiphop,0.4444444444444444,0.8,0.5714285714285714,10.0
jazz,0.6,0.9,0.72,10.0
metal,0.8181818181818182,0.9,0.8571428571428571,10.0
pop,0.7142857142857143,0.5,0.5882352941176471,10.0
reggae,0.75,0.6,0.6666666666666666,10.0
rock,0.4444444444444444,0.4,0.42105263157894735,10.0
accuracy,0.64,0.64,0.64,0.64
macro avg,0.6680447330447331,0.64,0.6193573639982308,100.0
weighted avg,0.668044733044733,0.64,0.6193573639982308,100.0
