Metric,Value
Slice Loss,0.8710557313398881
Slice Accuracy,0.8372727272727273
Song Accuracy,0.85
Training Time (seconds),2287.339721441269
