Metric,Value
Slice Loss,1.2211174583435058
Slice Accuracy,0.7133333333333334
Song Accuracy,0.71
Training Time (seconds),3139.271045446396
