Metric,Value
Slice Loss,1.7344075587590535
Slice Accuracy,0.5648333333333333
Song Accuracy,0.7
Training Time (seconds),717.209730386734
