Metric,Value
Slice Loss,1.2467606188984293
Slice Accuracy,0.6210526315789474
Song Accuracy,0.7
Training Time (seconds),185.51771187782288
