,precision,recall,f1-score,support
blues,1.0,0.7,0.8235294117647058,10.0
classical,0.7692307692307693,1.0,0.8695652173913043,10.0
country,0.7,0.7,0.7,10.0
disco,0.8333333333333334,1.0,0.9090909090909091,10.0
hiphop,1.0,0.8,0.8888888888888888,10.0
jazz,1.0,1.0,1.0,10.0
metal,0.8333333333333334,1.0,0.9090909090909091,10.0
pop,0.7777777777777778,0.7,0.7368421052631579,10.0
reggae,0.8181818181818182,0.9,0.8571428571428571,10.0
rock,0.875,0.7,0.7777777777777778,10.0
accuracy,0.85,0.85,0.85,0.85
macro avg,0.8606857031857033,0.85,0.847192807641051,100.0
weighted avg,0.8606857031857033,0.85,0.8471928076410508,100.0
