Metric,Value
Slice Loss,1.036596915234219
Slice Accuracy,0.7427272727272727
Song Accuracy,0.84
Training Time (seconds),900.5853388309479
