,precision,recall,f1-score,support
blues,0.6,0.9,0.72,10.0
classical,0.6666666666666666,1.0,0.8,10.0
country,0.6666666666666666,0.6,0.631578947368421,10.0
disco,0.9,0.9,0.9,10.0
hiphop,0.8333333333333334,1.0,0.9090909090909091,10.0
jazz,1.0,0.3,0.46153846153846156,10.0
metal,0.8333333333333334,1.0,0.9090909090909091,10.0
pop,0.8333333333333334,1.0,0.9090909090909091,10.0
reggae,1.0,0.9,0.9473684210526315,10.0
rock,1.0,0.3,0.46153846153846156,10.0
accuracy,0.79,0.79,0.79,0.79
macro avg,0.8333333333333333,0.7899999999999999,0.7649297018770703,100.0
weighted avg,0.8333333333333333,0.79,0.7649297018770702,100.0
