Metric,Value
Slice Loss,1.0897846390984276
Slice Accuracy,0.7563636363636363
Song Accuracy,0.81
Training Time (seconds),2399.709677219391
