,precision,recall,f1-score,support
blues,0.8333333333333334,1.0,0.9090909090909091,10.0
classical,0.8333333333333334,1.0,0.9090909090909091,10.0
country,0.8333333333333334,1.0,0.9090909090909091,10.0
disco,0.9090909090909091,1.0,0.9523809523809523,10.0
hiphop,0.8333333333333334,1.0,0.9090909090909091,10.0
jazz,1.0,0.7,0.8235294117647058,10.0
metal,1.0,1.0,1.0,10.0
pop,0.8333333333333334,1.0,0.9090909090909091,10.0
reggae,1.0,0.8,0.8888888888888888,10.0
rock,1.0,0.4,0.5714285714285714,10.0
accuracy,0.89,0.89,0.89,0.89
macro avg,0.9075757575757576,0.89,0.8781682369917663,100.0
weighted avg,0.9075757575757577,0.89,0.8781682369917663,100.0
