Metric,Value
Slice Loss,0.8572936429475483
Slice Accuracy,0.8078947368421052
Song Accuracy,0.89
Training Time (seconds),708.8345284461975
