,precision,recall,f1-score,support
blues,0.7777777777777778,0.7,0.7368421052631579,10.0
classical,0.7692307692307693,1.0,0.8695652173913043,10.0
country,0.5625,0.9,0.6923076923076923,10.0
disco,0.8,0.8,0.8,10.0
hiphop,1.0,0.6,0.75,10.0
jazz,0.6363636363636364,0.7,0.6666666666666666,10.0
metal,0.7692307692307693,1.0,0.8695652173913043,10.0
pop,0.8888888888888888,0.8,0.8421052631578947,10.0
reggae,0.7142857142857143,0.5,0.5882352941176471,10.0
rock,0.6666666666666666,0.4,0.5,10.0
accuracy,0.74,0.74,0.74,0.74
macro avg,0.7584944222444223,0.74,0.7315287456295667,100.0
weighted avg,0.7584944222444223,0.74,0.7315287456295667,100.0
