,precision,recall,f1-score,support
blues,0.5,0.5,0.5,10.0
classical,0.75,0.9,0.8181818181818182,10.0
country,0.5,0.5,0.5,10.0
disco,0.7272727272727273,0.8,0.7619047619047619,10.0
hiphop,0.5454545454545454,0.6,0.5714285714285714,10.0
jazz,1.0,0.5,0.6666666666666666,10.0
metal,0.5882352941176471,1.0,0.7407407407407407,10.0
pop,0.38461538461538464,0.5,0.43478260869565216,10.0
reggae,0.6666666666666666,0.4,0.5,10.0
rock,0.2,0.1,0.13333333333333333,10.0
accuracy,0.58,0.58,0.58,0.58
macro avg,0.5862244618126973,0.5800000000000001,0.5627038500951544,100.0
weighted avg,0.586224461812697,0.58,0.5627038500951544,100.0
