Metric,Value
Slice Loss,1.5549364797093652
Slice Accuracy,0.4445454545454545
Song Accuracy,0.48
Training Time (seconds),121.3102867603302
