Metric,Value
Slice Loss,0.9661271658738454
Slice Accuracy,0.7496666666666667
Song Accuracy,0.87
Training Time (seconds),2816.207107067108
