Metric,Value
Slice Loss,1.230724598566691
Slice Accuracy,0.6766666666666666
Song Accuracy,0.71
Training Time (seconds),2493.1684424877167
