Metric,Value
Slice Loss,1.7309636125564576
Slice Accuracy,0.5588333333333333
Song Accuracy,0.67
Training Time (seconds),1301.823345899582
