,precision,recall,f1-score,support
blues,0.75,0.6,0.6666666666666666,10.0
classical,0.7692307692307693,1.0,0.8695652173913043,10.0
country,0.75,0.6,0.6666666666666666,10.0
disco,0.9090909090909091,1.0,0.9523809523809523,10.0
hiphop,0.5714285714285714,0.8,0.6666666666666666,10.0
jazz,0.8333333333333334,1.0,0.9090909090909091,10.0
metal,0.8888888888888888,0.8,0.8421052631578947,10.0
pop,0.75,0.6,0.6666666666666666,10.0
reggae,0.875,0.7,0.7777777777777778,10.0
rock,0.4444444444444444,0.4,0.42105263157894735,10.0
accuracy,0.75,0.75,0.75,0.75
macro avg,0.7541416916416916,0.7500000000000001,0.7438639418044453,100.0
weighted avg,0.7541416916416916,0.75,0.7438639418044453,100.0
