Metric,Value
Slice Loss,0.8359026940245378
Slice Accuracy,0.8205263157894737
Song Accuracy,0.86
Training Time (seconds),1499.3316857814789
