,precision,recall,f1-score,support
blues,0.5,1.0,0.6666666666666666,10.0
classical,0.9,0.9,0.9,10.0
country,0.38461538461538464,0.5,0.43478260869565216,10.0
disco,0.6666666666666666,0.6,0.631578947368421,10.0
hiphop,0.4444444444444444,0.4,0.42105263157894735,10.0
jazz,0.6666666666666666,0.6,0.631578947368421,10.0
metal,0.8181818181818182,0.9,0.8571428571428571,10.0
pop,0.7,0.7,0.7,10.0
reggae,0.625,0.5,0.5555555555555556,10.0
rock,1.0,0.1,0.18181818181818182,10.0
accuracy,0.62,0.62,0.62,0.62
macro avg,0.6705574980574981,0.6199999999999999,0.5980176396194702,100.0
weighted avg,0.670557498057498,0.62,0.5980176396194703,100.0
