Metric,Value
Slice Loss,0.813256333510081
Slice Accuracy,0.7966666666666666
Song Accuracy,0.91
Training Time (seconds),2838.0572595596313
