Metric,Value
Slice Loss,0.8894369568427404
Slice Accuracy,0.7803333333333333
Song Accuracy,0.9
Training Time (seconds),792.5777924060822
