Metric,Value
Slice Loss,1.0679112346967061
Slice Accuracy,0.7383333333333333
Song Accuracy,0.76
Training Time (seconds),3120.0901277065277
