Metric,Value
Slice Loss,1.2292109934488933
Slice Accuracy,0.6266666666666667
Song Accuracy,0.67
Training Time (seconds),2493.5613837242126
