Metric,Value
Slice Loss,0.9485160672037225
Slice Accuracy,0.7710526315789473
Song Accuracy,0.86
Training Time (seconds),1015.7401061058044
