,precision,recall,f1-score,support
blues,0.6428571428571429,0.9,0.75,10.0
classical,0.9,0.9,0.9,10.0
country,1.0,0.8,0.8888888888888888,10.0
disco,0.875,0.7,0.7777777777777778,10.0
hiphop,1.0,0.6,0.75,10.0
jazz,0.8,0.8,0.8,10.0
metal,0.8333333333333334,1.0,0.9090909090909091,10.0
pop,0.47368421052631576,0.9,0.6206896551724138,10.0
reggae,0.8333333333333334,0.5,0.625,10.0
rock,0.5714285714285714,0.4,0.47058823529411764,10.0
accuracy,0.75,0.75,0.75,0.75
macro avg,0.7929636591478697,0.75,0.7492035466224107,100.0
weighted avg,0.7929636591478696,0.75,0.7492035466224108,100.0
