,precision,recall,f1-score,support
blues,0.8888888888888888,0.8,0.8421052631578947,10.0
classical,0.8181818181818182,0.9,0.8571428571428571,10.0
country,0.7,0.7,0.7,10.0
disco,0.8181818181818182,0.9,0.8571428571428571,10.0
hiphop,0.875,0.7,0.7777777777777778,10.0
jazz,0.8888888888888888,0.8,0.8421052631578947,10.0
metal,0.7142857142857143,1.0,0.8333333333333334,10.0
pop,0.6666666666666666,1.0,0.8,10.0
reggae,0.8888888888888888,0.8,0.8421052631578947,10.0
rock,0.75,0.3,0.42857142857142855,10.0
accuracy,0.79,0.79,0.79,0.79
macro avg,0.8008982683982684,0.79,0.7780284043441938,100.0
weighted avg,0.8008982683982684,0.79,0.7780284043441938,100.0
