Metric,Value
Slice Loss,1.7679059189016169
Slice Accuracy,0.5645454545454546
Song Accuracy,0.59
Training Time (seconds),226.1700165271759
