Metric,Value
Slice Loss,0.8299934013684591
Slice Accuracy,0.8583333333333333
Song Accuracy,0.89
Training Time (seconds),3120.3598124980927
