,precision,recall,f1-score,support
blues,0.6923076923076923,0.9,0.782608695652174,10.0
classical,0.7692307692307693,1.0,0.8695652173913043,10.0
country,0.75,0.6,0.6666666666666666,10.0
disco,0.7692307692307693,1.0,0.8695652173913043,10.0
hiphop,0.8888888888888888,0.8,0.8421052631578947,10.0
jazz,0.8333333333333334,1.0,0.9090909090909091,10.0
metal,0.7692307692307693,1.0,0.8695652173913043,10.0
pop,0.75,0.6,0.6666666666666666,10.0
reggae,1.0,0.7,0.8235294117647058,10.0
rock,1.0,0.4,0.5714285714285714,10.0
accuracy,0.8,0.8,0.8,0.8
macro avg,0.8222222222222222,0.8,0.7870791836601501,100.0
weighted avg,0.8222222222222223,0.8,0.7870791836601501,100.0
